location,avg_temperature,avg_humidity
BuildingB_Floor1,25.243516483516473,55.780512820512804
BuildingA_Floor2,24.755910780669154,56.421933085501884
BuildingB_Floor2,24.36057268722467,54.23431718061672
BuildingA_Floor1,24.34190476190477,56.221082251082215
