sensor_id,avg_temp,rank_temp
1002,29.26875,1
1095,29.046000000000003,2
1056,28.73333333333333,3
1026,28.676363636363636,4
1084,28.421111111111106,5
